Transaction_date,Product,Price,Payment_Type,Name,City,State,Country,Account_Created,Last_Login
2009-1-2 6:17,Product1,1200,Mastercard,carolina,Basildon,England,United Kingdom,2009-1-2 6:00,2009-1-2 6:08
2009-1-2 4:53,Product1,1200,Visa,Betina,Parkville                   ,MO,United States,2009-1-2 4:42,2009-1-2 7:49
2009-1-2 13:08,Product1,1200,Mastercard,Federica e Andrea,Astoria                     ,OR,United States,2009-1-1 16:21,2009-1-3 12:32
2009-1-3 14:44,Product1,1200,Visa,Gouya,Echuca,Victoria,Australia,2005-9-25 21:13,2009-1-3 14:22
2009-1-4 12:56,Product2,3600,Visa,Gerd W ,Cahaba Heights              ,AL,United States,2008-11-15 15:47,2009-1-4 12:45
2009-1-4 13:19,Product1,1200,Visa,LAURENCE,Mickleton                   ,NJ,United States,2008-9-24 15:19,2009-1-4 13:04
2009-1-4 20:11,Product1,1200,Mastercard,Fleur,Peoria                      ,IL,United States,2009-1-3 9:38,2009-1-4 19:45
2009-1-2 20:09,Product1,1200,Mastercard,adam,Martin                      ,TN,United States,2009-1-2 17:43,2009-1-4 20:01
2009-1-4 13:17,Product1,1200,Mastercard,Renee Elisabeth,Tel Aviv,Tel Aviv,Israel,2009-1-4 13:03,2009-1-4 22:10
2009-1-4 14:11,Product1,1200,Visa,Aidan,Chatou,Ile-de-France,France,2008-6-3 4:22,2009-1-5 1:17
2009-1-5 2:42,Product1,1200,Diners,Stacy,New York                    ,NY,United States,2009-1-5 2:23,2009-1-5 4:59
2009-1-5 5:39,Product1,1200,Amex,Heidi,Eindhoven,Noord-Brabant,Netherlands,2009-1-5 4:55,2009-1-5 8:15
2009-1-2 9:16,Product1,1200,Mastercard,Sean ,Shavano Park                ,TX,United States,2009-1-2 8:32,2009-1-5 9:05
2009-1-5 10:08,Product1,1200,Visa,Georgia,Eagle                       ,ID,United States,2008-11-11 15:53,2009-1-5 10:05
2009-1-2 14:18,Product1,1200,Visa,Richard,Riverside                   ,NJ,United States,2008-12-9 12:07,2009-1-5 11:01
2009-1-4 1:05,Product1,1200,Diners,Leanne,Julianstown,Meath,Ireland,2009-1-4 0:00,2009-1-5 13:36
2009-1-5 11:37,Product1,1200,Visa,Janet,Ottawa,Ontario,Canada,2009-1-5 9:35,2009-1-5 19:24
2009-1-6 5:02,Product1,1200,Diners,barbara,Hyderabad,Andhra Pradesh,India,2009-1-6 2:41,2009-1-6 7:52
2009-1-6 7:45,Product2,3600,Visa,Sabine,London,England,United Kingdom,2009-1-6 7:00,2009-1-6 9:17
2009-1-2 7:35,Product1,1200,Diners,Hani,Salt Lake City              ,UT,United States,2008-12-30 5:44,2009-1-6 10:52
2009-1-6 12:56,Product1,1200,Visa,Jeremy,Manchester,England,United Kingdom,2009-1-6 10:58,2009-1-6 13:31
2009-1-1 11:05,Product1,1200,Diners,Janis,Ballynora,Cork,Ireland,2007-12-10 12:37,2009-1-7 1:52
2009-1-5 4:10,Product1,1200,Mastercard,Nicola,Roodepoort,Gauteng,South Africa,2009-1-5 2:33,2009-1-7 5:13
2009-1-6 7:18,Product1,1200,Visa,asuman,Chula Vista                 ,CA,United States,2009-1-6 7:07,2009-1-7 7:08
2009-1-2 1:11,Product1,1200,Mastercard,Lena,Kuopio,Ita-Suomen Laani,Finland,2008-12-31 2:48,2009-1-7 10:20
2009-1-1 2:24,Product1,1200,Visa,Lisa,Sugar Land                  ,TX,United States,2009-1-1 1:56,2009-1-7 10:52
2009-1-7 8:08,Product1,1200,Diners,Bryan Kerrene,New York                    ,NY,United States,2009-1-7 7:39,2009-1-7 12:38
2009-1-2 2:57,Product1,1200,Visa,chris,London,England,United Kingdom,2008-1-3 7:23,2009-1-7 13:14
2009-1-1 20:21,Product1,1200,Visa,Maxine,Morton                      ,IL,United States,2008-10-24 6:48,2009-1-7 20:49
2009-1-8 0:42,Product1,1200,Visa,Family,Los Gatos                   ,CA,United States,2009-1-8 0:28,2009-1-8 3:39
2009-1-8 3:56,Product1,1200,Mastercard,Katherine,New York                    ,NY,United States,2009-1-8 3:33,2009-1-8 6:19
2009-1-8 3:16,Product1,1200,Mastercard,Linda,Miami                       ,FL,United States,2009-1-8 3:06,2009-1-8 6:34
2009-1-8 1:59,Product1,1200,Mastercard,SYLVIA,Vesenaz,Geneve,Switzerland,2007-11-28 11:56,2009-1-8 7:20
2009-1-3 9:03,Product1,1200,Diners,Sheila,Brooklyn                    ,NY,United States,2009-1-3 8:47,2009-1-8 10:38
2009-1-5 13:17,Product1,1200,Mastercard,Stephanie,Badhoevedorp,Noord-Holland,Netherlands,2009-1-5 12:45,2009-1-8 11:45
2009-1-6 7:46,Product1,1200,Amex,Kelly,Reston                      ,VA,United States,2009-1-6 7:30,2009-1-8 12:40
2009-1-5 20:00,Product2,3600,Visa,James,Burpengary,Queensland,Australia,2008-12-10 19:53,2009-1-8 17:58
2009-1-8 16:24,Product1,1200,Visa,jennifer,Phoenix                     ,AZ,United States,2009-1-8 15:57,2009-1-8 18:30
2009-1-9 6:39,Product1,1200,Mastercard,Anneli,Houston                     ,TX,United States,2009-1-9 5:09,2009-1-9 7:11
2009-1-6 22:19,Product2,3600,Amex,Ritz,Pittsfield                  ,VT,United States,2009-1-6 12:00,2009-1-9 10:05
2009-1-6 23:00,Product2,3600,Amex,Sylvia,Pittsfield                  ,VT,United States,2009-1-6 12:00,2009-1-9 10:05
2009-1-7 7:44,Product1,1200,Mastercard,Marie,Ball Ground                 ,GA,United States,2009-1-7 5:35,2009-1-9 10:52
2009-1-3 13:24,Product1,1200,Visa,Mehmet Fatih,Helsingor,Frederiksborg,Denmark,2009-1-3 12:47,2009-1-9 11:14
2009-1-7 15:12,Product2,3600,Visa,Anabela,Flossmoor                   ,IL,United States,2009-1-5 19:55,2009-1-9 16:03
2009-1-7 20:15,Product1,1200,Amex,Nicole,Houston                     ,TX,United States,2009-1-7 17:17,2009-1-9 20:02
2009-1-3 10:11,Product2,3600,Visa,Christiane ,Delray Beach                ,FL,United States,2009-1-3 9:27,2009-1-10 9:46
2009-1-9 15:58,Product1,1200,Mastercard,Sari,Newbury,England,United Kingdom,2009-1-9 14:53,2009-1-10 13:16
2009-1-3 13:11,Product1,1200,Mastercard,simone,Kobenhavn,Kobenhavn,Denmark,2008-10-31 0:31,2009-1-10 13:24
2009-1-10 12:57,Product1,1200,Amex,Vanessa,Sandy Springs               ,GA,United States,2007-2-7 20:16,2009-1-10 14:09
2009-1-10 14:43,Product1,1200,Diners,Anupam,Kinsaley,Dublin,Ireland,2009-1-9 11:38,2009-1-10 14:37
2009-1-10 12:05,Product1,1200,Visa,Karina,Fort Lauderdale             ,FL,United States,2008-7-1 12:53,2009-1-10 16:33
2009-1-6 1:20,Product1,1200,Mastercard,Frank,Melbourne,Victoria,Australia,2009-1-2 17:51,2009-1-10 18:27
2009-1-10 14:56,Product1,1200,Visa,Angela,Ankeny                      ,IA,United States,2009-1-8 3:06,2009-1-10 19:41
2009-1-7 10:01,Product1,1200,Visa,Darren,Pittsboro                   ,NC,United States,2009-1-7 9:04,2009-1-10 20:02
2009-1-1 1:26,Product1,1200,Mastercard,Nikki,New Rochelle                ,NY,United States,2009-1-1 0:58,2009-1-10 21:31
2009-1-11 2:04,Product1,1200,Visa,chris,Gold Coast,Queensland,Australia,2009-1-11 0:33,2009-1-11 2:11
2009-1-11 14:17,Product1,1200,Visa,Stephanie,Brussels,Brussels (Bruxelles),Belgium,2009-1-11 13:39,2009-1-11 13:39
2009-1-10 21:38,Product1,1200,Visa,Anushka,Maple Ridge District Municipality,British Columbia,Canada,2009-1-10 21:17,2009-1-11 19:32
2009-1-7 6:18,Product1,1200,Mastercard,June ,Beachwood                   ,OH,United States,2006-2-23 11:56,2009-1-11 19:35
2009-1-4 8:39,Product2,3600,Diners,Baybars,Prince Albert,Saskatchewan,Canada,2009-1-3 17:17,2009-1-11 21:05
2009-1-5 0:31,Product1,1200,Mastercard,Bonnie,Saltsjobaden,Stockholm,Sweden,2009-1-4 23:45,2009-1-12 0:37
2009-1-2 6:07,Product1,1200,Visa,Cindy ,Kemble,England,United Kingdom,2008-12-30 10:21,2009-1-12 2:24
2009-1-12 3:25,Product1,1200,Mastercard,chrissy,W Lebanon                   ,NH,United States,2009-1-12 3:12,2009-1-12 3:22
2009-1-4 13:56,Product1,1200,Mastercard,Tamar,Headley,England,United Kingdom,2007-11-29 9:23,2009-1-12 5:38
2009-1-7 0:12,Product2,3600,Mastercard,Deirdre,Lausanne,Vaud,Switzerland,2008-12-1 6:25,2009-1-12 6:55
2009-1-12 5:18,Product1,1200,Mastercard,Bernadett,Southampton,England,United Kingdom,2009-1-12 4:45,2009-1-12 8:08
2009-1-8 15:16,Product1,1200,Visa,Dottie,Woodsboro                   ,MD,United States,2009-1-8 14:56,2009-1-12 9:29
2009-1-11 11:33,Product1,1200,Visa,Stefan,Stavanger,Rogaland,Norway,2009-1-11 9:02,2009-1-12 10:37
2009-1-7 20:22,Product1,1200,Visa,Gina,Red Deer,Alberta,Canada,2008-11-23 19:30,2009-1-12 12:24
2009-1-2 22:00,Product1,1200,Diners,Lynne,Memphis                     ,TN,United States,2009-1-2 21:04,2009-1-12 13:18
2009-1-5 13:52,Product1,1200,Mastercard,Tammy,Morges,Vaud,Switzerland,2009-1-5 5:55,2009-1-12 14:04
2009-1-8 20:32,Product1,1200,Visa,Kim,Calgary,Alberta,Canada,2009-1-8 20:21,2009-1-12 14:07
2009-1-8 13:34,Product1,1200,Visa,Bruce,Belleville,Ontario,Canada,2009-1-6 14:38,2009-1-12 18:31
2009-1-11 13:08,Product1,1200,Visa,Rosa Maria,Cincinnati                  ,OH,United States,2009-1-11 12:38,2009-1-12 18:44
2009-1-12 19:04,Product1,1200,Visa,Lydia,Comox,British Columbia,Canada,2008-9-20 20:53,2009-1-12 19:01
2009-1-12 13:41,Product1,1200,Visa,Eric,Gasperich,Luxembourg,Luxembourg,2009-1-12 13:16,2009-1-13 1:03
2009-1-11 10:38,Product1,1200,Mastercard,AnaPaula,Helens Bay,Northern Ireland,United Kingdom,2008-9-4 9:26,2009-1-13 2:36
2009-1-13 5:57,Product1,1200,Visa,Robin,Milan,Lombardy,Italy,2008-10-15 5:31,2009-1-13 5:55
2009-1-13 6:13,Product1,1200,Visa,Gitte,Staten Island               ,NY,United States,2009-1-13 5:17,2009-1-13 7:33
2009-1-8 13:14,Product1,1200,Visa,Dr. Claudia,Oslo,Oslo,Norway,2009-1-8 12:47,2009-1-13 10:49
2009-1-2 11:41,Product1,1200,Visa,Crystal,Farmington,Michigan,United States,2009-1-1 12:00,2009-1-13 18:34
2009-1-7 19:50,Product1,1200,Diners,Delphine,Santa Monica                ,CA,United States,2009-1-3 12:04,2009-1-13 20:17
2009-1-1 20:28,Product1,1200,Visa,nathalie,Calgary,Alberta,Canada,2009-1-1 20:11,2009-1-13 21:11
2009-1-3 15:22,Product1,1200,Mastercard,Lindi,Vancouver,British Columbia,Canada,2008-2-20 22:45,2009-1-13 23:02
2009-1-12 3:03,Product2,3600,Mastercard,Valda,Irvine                      ,CA,United States,2009-1-12 2:48,2009-1-14 1:07
2009-1-5 8:58,Product2,3600,Mastercard,Marcia,Telgte,Nordrhein-Westfalen,Germany,2008-9-1 3:39,2009-1-14 2:07
2009-1-10 14:03,Product1,1200,Mastercard,Kevin,Cheltenham,England,United Kingdom,2006-3-13 4:56,2009-1-14 2:22
2009-1-13 11:26,Product1,1200,Visa,Clare,Keller                      ,VA,United States,2009-1-13 11:15,2009-1-14 2:39
2009-1-2 12:18,Product1,1200,Visa,Alice,Nakskov,Storstrom,Denmark,2007-12-5 11:37,2009-1-14 4:05
2009-1-14 4:54,Product1,1200,Mastercard,ZENA,Honolulu                    ,HI,United States,2009-1-14 4:34,2009-1-14 4:43
2009-1-6 17:15,Product1,1200,Visa,Andrea,Bubuieci,Chisinau,Moldova,2008-12-24 17:31,2009-1-14 10:27
2009-1-3 13:56,Product1,1200,Visa,Rennae,Amelia Island               ,FL,United States,2009-1-3 12:30,2009-1-14 13:03
2009-1-4 7:54,Product1,1200,Visa,Gerhard,Alliston,Ontario,Canada,2005-10-21 21:49,2009-1-14 13:06
2009-1-12 7:28,Product1,1200,Amex,Megan,La Alberca,Murcia,Spain,2008-12-10 16:41,2009-1-14 13:44
2009-1-6 15:15,Product1,1200,Mastercard,Danielle,Rathgar,Dublin,Ireland,2009-1-6 14:59,2009-1-14 14:33
2009-1-13 23:56,Product1,1200,Mastercard,Tod,Coral Gables                ,FL,United States,2009-1-13 23:13,2009-1-14 15:17
2009-1-14 19:32,Product1,1200,Visa,Janaina,Miami                       ,FL,United States,2008-12-16 22:19,2009-1-14 19:28
2009-1-6 21:13,Product1,1200,Visa,Kofi,Vancouver,British Columbia,Canada,2008-1-7 21:16,2009-1-14 20:50
2009-1-14 11:19,Product1,1200,Visa,Jennifer,Jumeira,Dubayy,United Arab Emirates,2009-1-14 10:44,2009-1-14 21:26
2009-1-13 19:39,Product1,1200,Visa,Jolene ,Englewood                   ,CO,United States,2009-1-6 22:00,2009-1-14 22:02
2009-1-8 7:26,Product1,1200,Mastercard,anne,Bournemouth,England,United Kingdom,2008-1-25 15:46,2009-1-15 1:36
2009-1-15 2:40,Product1,1200,Mastercard,Alexis,Genoa                       ,IL,United States,2009-1-15 2:04,2009-1-15 2:04
2009-1-12 6:40,Product1,1200,Visa,Dez,Al 'Adliyah,Al Manamah,Bahrain,2009-1-10 12:50,2009-1-15 4:46
2009-1-15 3:43,Product1,1200,Visa,Stephanie,Rouen,Upper Normandy,France,2008-12-26 9:01,2009-1-15 5:39
2009-1-5 15:39,Product1,1200,Visa,Melissa ,Parkland                    ,FL,United States,2008-12-10 9:14,2009-1-15 6:01
2009-1-10 5:21,Product1,1200,Amex,CLARE,San Francisco               ,CA,United States,2009-1-10 0:07,2009-1-15 6:25
2009-1-15 4:12,Product1,1200,Mastercard,catherine,Keller                      ,VA,United States,2009-1-15 4:02,2009-1-15 6:59
2009-1-12 11:48,Product1,1200,Visa,Veronique ,Tsawwassen,British Columbia,Canada,2008-7-24 15:48,2009-1-15 8:56
2009-1-6 10:48,Product1,1200,Mastercard,Bruce and Camille,Clinton                     ,NJ,United States,2007-8-21 21:19,2009-1-15 9:32
2009-1-14 9:10,Product1,1200,Mastercard,Ellen,Owensboro                   ,KY,United States,2009-1-14 8:25,2009-1-15 9:40
2009-1-14 22:44,Product1,1200,Visa,Amy,Lakewood Village            ,TX,United States,2009-1-14 22:21,2009-1-15 9:50
2009-1-6 7:23,Product1,1200,Visa,Anna,Okotoks,Alberta,Canada,2008-7-21 12:03,2009-1-15 10:00
2009-1-1 5:04,Product1,1200,Mastercard,Regina,Glimmen,Groningen,Netherlands,2002-12-16 4:09,2009-1-15 10:50
2009-1-15 11:56,Product1,1200,Visa,Heidi,Calgary,Alberta,Canada,2009-1-14 9:16,2009-1-15 11:39
2009-1-15 11:58,Product1,1200,Visa,Jessica,Kanata,Ontario,Canada,2009-1-14 5:59,2009-1-15 11:49
2009-1-12 9:43,Product1,1200,Diners,Petra,Bergen,Nordrhein-Westfalen,Germany,2009-1-7 8:39,2009-1-15 12:14
2009-1-15 12:33,Product1,1200,Visa,Brian,College Park                ,MD,United States,2009-1-15 12:19,2009-1-15 13:28
2009-1-14 11:35,Product1,1200,Visa,Kenny,Kailua Kona                 ,HI,United States,2009-1-13 17:42,2009-1-15 15:31
2009-1-14 15:40,Product1,1200,Amex,ayse,Redondo Beach               ,CA,United States,2009-1-13 19:37,2009-1-15 15:45
2009-1-3 11:08,Product1,1200,Amex,Maria and Timothy,Fountain Hls                ,AZ,United States,2006-6-5 22:42,2009-1-15 16:37
2009-1-12 1:37,Product1,1200,Visa,IMAN,Brisbane,Queensland,Australia,2009-1-12 1:26,2009-1-15 17:54
2009-1-16 7:21,Product1,2100,Mastercard,Gerald,Mahopac                     ,NY,United States,2008-11-3 14:28,2009-1-16 6:08
2009-1-15 12:54,Product1,1200,Mastercard,Annelies,Ile-Perrot,Quebec,Canada,2009-1-15 12:22,2009-1-16 7:53
2009-1-7 7:19,Product1,1200,Amex,Jocelyn,Bruxelles,Brussels (Bruxelles),Belgium,2008-6-30 9:33,2009-1-16 8:54
2009-1-3 9:56,Product1,1200,Visa,Kara,Chicago                     ,IL,United States,2008-12-31 16:26,2009-1-16 13:43
2009-1-16 17:41,Product1,1200,Visa,Orsi,Rayford                     ,TX,United States,2009-1-16 17:01,2009-1-16 17:56
2009-1-5 5:33,Product1,1200,Visa,Ben,Escondido                   ,CA,United States,2009-1-5 3:19,2009-1-17 0:35
2009-1-2 0:50,Product1,1200,Visa,Sam,Tesvikiye,Istanbul,Turkey,2009-1-2 0:10,2009-1-17 1:57
2009-1-13 1:51,Product1,1200,Visa,Filip and Teresa,Centurion,Gauteng,South Africa,2009-1-12 1:40,2009-1-17 2:23
2009-1-15 10:24,Product1,1200,Visa,Grace ,York,England,United Kingdom,2009-1-13 12:30,2009-1-17 4:42
2009-1-11 8:59,Product1,1200,Visa,Chelsey ,Ashburn                     ,VA,United States,2008-11-9 5:53,2009-1-17 8:54
2009-1-15 15:56,Product1,1200,Amex,Charis,Los Angeles                 ,CA,United States,2005-11-11 11:49,2009-1-17 10:54
2009-1-1 12:19,Product1,1200,Visa,Marlene,Edgewood                    ,WA,United States,2006-1-16 14:45,2009-1-17 11:38
2009-1-6 14:03,Product1,1200,Visa,Fie,New York                    ,NY,United States,2008-5-1 8:26,2009-1-17 11:44
2009-1-9 15:32,Product1,1200,Diners,Nicole ,Basingstoke,England,United Kingdom,2009-1-7 12:31,2009-1-17 12:03
2009-1-17 12:59,Product1,1200,Diners,Linda,Den Haag,Zuid-Holland,Netherlands,2008-10-29 13:09,2009-1-17 13:07
2009-1-12 12:37,Product1,1200,Visa,Janet,Marietta                    ,GA,United States,2007-9-13 14:20,2009-1-17 16:17
2009-1-4 7:43,Product1,1200,Mastercard,Jamie,Houston                     ,TX,United States,2009-1-4 6:51,2009-1-17 17:31
2009-1-17 16:22,Product1,1200,Visa,Chad,West Orange                 ,NJ,United States,2009-1-17 15:22,2009-1-17 18:42
2009-1-1 3:51,Product1,1200,Mastercard,sunny,Amsterdam,Noord-Holland,Netherlands,2005-9-14 22:53,2009-1-17 22:34
2009-1-18 5:27,Product1,1200,Visa,Anna,Downey                      ,CA,United States,2009-1-18 4:28,2009-1-18 4:42
2009-1-18 5:15,Product1,1200,Diners,Roger,Urlingford,Kilkenny,Ireland,2009-1-18 4:44,2009-1-18 4:44
2009-1-1 1:51,Product1,1200,Mastercard,Si,Holte,Kobenhavn,Denmark,2005-12-14 15:46,2009-1-18 4:44
2009-1-18 6:30,Product1,1200,Visa,Sherri,Freienbach,Schwyz,Switzerland,2008-6-22 14:10,2009-1-18 6:21
2009-1-11 10:51,Product1,1200,Mastercard,Katherine,Hofheim am Taunus,Hessen,Germany,2008-12-6 1:34,2009-1-18 7:17
2009-1-4 17:02,Product1,1200,Mastercard,Clare,Lafayette                   ,CA,United States,2005-12-31 0:55,2009-1-18 8:43
2009-1-17 1:23,Product1,1200,Amex,Campbell,Mushrif,,Kuwait,2009-1-16 14:26,2009-1-18 9:08
2009-1-18 2:16,Product1,1200,Visa,Ruth,Nashville                   ,AR,United States,2009-1-16 19:32,2009-1-18 9:13
2009-1-18 11:34,Product2,3600,Visa,Cheryl,New Malden,England,United Kingdom,2005-10-28 14:57,2009-1-18 10:27
2009-1-18 4:38,Product1,1200,Visa,Doug,Bishop Auckland,England,United Kingdom,2007-12-28 13:39,2009-1-18 11:58
2009-1-18 13:26,Product3,7500,Mastercard,Julianne,Navan,Meath,Ireland,2009-1-18 12:20,2009-1-18 12:20
2009-1-18 11:53,Product1,1200,Visa,Shailesh,Joppa,MD,United States,2009-1-18 0:00,2009-1-18 12:23
2009-1-18 12:04,Product1,1200,Visa,Conrad,Joppa,MD,United States,2009-1-18 0:00,2009-1-18 12:23
2009-1-13 19:54,Product1,1200,Diners,Alison,Hampton                     ,NJ,United States,2006-1-3 6:09,2009-1-18 12:51
2009-1-5 21:06,Product1,1200,Mastercard,Tracy,Louisville                  ,KY,United States,2009-1-5 16:27,2009-1-18 13:58
2009-1-14 6:32,Product1,1200,Visa,Kate,Broadlands                  ,VA,United States,2006-4-12 6:14,2009-1-18 14:04
2009-1-4 23:48,Product1,1200,Diners,Sarka,Yellowknife,Northwest Territories,Canada,2009-1-4 22:41,2009-1-18 16:17
2009-1-18 16:32,Product2,3600,Visa,Therese,Los Angeles                 ,CA,United States,2009-1-18 16:23,2009-1-18 16:54
2009-1-18 17:04,Product2,3600,Visa,Abdul-L,New York                    ,NY,United States,2009-1-18 16:58,2009-1-18 16:58
2009-1-18 17:20,Product2,3600,Visa,heidi,Saint Paul                  ,MN,United States,2009-1-18 17:16,2009-1-18 17:16
2009-1-18 17:39,Product2,3600,Visa,jiyoung,New York                    ,NY,United States,2009-1-18 17:34,2009-1-18 17:34
2009-1-11 11:20,Product1,1200,Visa,Klara,Spring Lake Park            ,MN,United States,2008-12-31 19:48,2009-1-18 17:43
2009-1-13 20:59,Product1,1200,Mastercard,Andrew,Winnipeg,Manitoba,Canada,2009-1-13 16:44,2009-1-18 19:17
2009-1-12 16:50,Product1,1200,Visa,Vicki and Bill,Seattle                     ,WA,United States,2009-1-4 21:33,2009-1-19 1:22
2009-1-12 15:12,Product1,1200,Mastercard,David,Deptford                    ,NJ,United States,2009-1-12 14:07,2009-1-19 3:47
2009-1-6 12:27,Product1,1200,Mastercard,Antonella,Amsterdam,Noord-Holland,Netherlands,2009-1-6 12:04,2009-1-19 4:59
2009-1-9 18:52,Product1,1200,Visa,David,Alpharetta                  ,GA,United States,2008-11-25 7:56,2009-1-19 6:12
2009-1-18 23:17,Product1,1200,Visa,Greg,Washington                  ,DC,United States,2009-1-18 15:18,2009-1-19 6:13
2009-1-7 8:21,Product1,1200,Visa,Jannik ,Holmenkollen,Oslo,Norway,2009-1-3 11:06,2009-1-19 6:54
2009-1-3 9:54,Product1,1200,Visa,Sylvia,Zekeriyakoy,Istanbul,Turkey,2008-12-29 10:38,2009-1-19 7:37
2009-1-5 19:37,Product1,1200,Amex,Bernadette,Washington                  ,DC,United States,2007-11-7 9:49,2009-1-19 7:42
2009-1-4 12:49,Product1,1200,Diners,Denise,Montreal,Quebec,Canada,2007-5-25 10:58,2009-1-19 7:58
2009-1-8 11:55,Product2,3600,Visa,Caren,Braunschweig,Lower Saxony,Germany,2009-1-3 12:39,2009-1-19 8:31
2009-1-14 18:21,Product1,1200,Visa,luciana,Athens                      ,GA,United States,2005-9-25 6:25,2009-1-19 11:21
2009-1-11 19:01,Product1,1200,Diners,Maja,Hoschton                    ,GA,United States,2009-1-11 18:17,2009-1-19 12:47
2009-1-14 5:20,Product2,3600,Visa,Kristen,Binningen,Basel-Country,Switzerland,2009-1-12 13:31,2009-1-19 13:07
2009-1-15 8:07,Product1,1200,Visa,Kirstie,Royal Oak                   ,MI,United States,2008-12-13 19:35,2009-1-19 14:59
2009-1-15 8:10,Product1,1200,Visa,Scott ,Royal Oak                   ,MI,United States,2008-12-13 19:35,2009-1-19 14:59
2009-1-2 17:45,Product1,1200,Mastercard,Jammie,Belmont                     ,MA,United States,2005-12-9 17:19,2009-1-19 15:36
2009-1-19 16:10,Product1,1200,Mastercard,Frank,Old Greenwich               ,CT,United States,2009-1-19 15:31,2009-1-19 16:00
2009-1-19 16:55,Product1,1200,Mastercard,scott,Coconut Grove               ,FL,United States,2009-1-19 16:18,2009-1-19 16:18
2009-1-10 17:41,Product1,1200,Visa,Jiri,Vienna                      ,VA,United States,2009-1-10 16:32,2009-1-19 17:52
2009-1-18 13:49,Product2,3600,Visa,Bev,San Ramon                   ,CA,United States,2009-1-11 12:00,2009-1-19 18:07
2009-1-15 5:47,Product1,1200,Visa,Dave and Amy,Norfolk                     ,VA,United States,2009-1-15 0:21,2009-1-19 22:48
2009-1-19 23:06,Product1,1200,Mastercard,Rebecca,Norfolk                     ,VA,United States,2009-1-19 22:53,2009-1-19 22:53
2009-1-19 11:12,Product1,1200,Visa,Melissa,Aberdeen,Scotland,United Kingdom,2008-8-27 8:22,2009-1-20 0:35
2009-1-4 1:38,Product1,1200,Amex,jeremy,Charlestown,New South Wales,Australia,2008-7-15 21:04,2009-1-20 1:08
2009-1-20 3:11,Product1,1200,Visa,Randy,Wigan,England,United Kingdom,2009-1-20 3:02,2009-1-20 3:06
2009-1-3 10:52,Product1,1200,Visa,Djeiny,Rockville                   ,MD,United States,2005-4-18 9:27,2009-1-20 6:47
2009-1-20 5:24,Product3 ,7500,Mastercard,Amanda,Shreveport                  ,LA,United States,2009-1-20 5:13,2009-1-20 7:15
2009-1-20 6:03,Product1,1200,Mastercard,Andrea ,Shreveport                  ,LA,United States,2009-1-20 5:13,2009-1-20 7:15
2009-1-10 11:37,Product1,1200,Amex,Joanna,Little Silver               ,NJ,United States,2008-12-28 20:10,2009-1-20 7:42
2009-1-20 5:50,Product1,1200,Visa,Jessica,Abbey Town,England,United Kingdom,2009-1-20 4:23,2009-1-20 7:46
2009-1-19 16:32,Product1,1200,Amex,alison,Mid City West               ,PA,United States,2009-1-19 10:24,2009-1-20 10:09
2009-1-18 10:42,Product1,1200,Visa,malin,Atlanta,Georgia,United States,2009-1-18 0:00,2009-1-20 11:09
2009-1-7 6:11,Product2,3600,Visa,Tiffany ,Paris,Ile-de-France,France,2009-1-7 5:30,2009-1-20 11:22
2009-1-3 8:29,Product1,1200,Visa,Genevieve,Milton Keynes,England,United Kingdom,2008-10-10 1:26,2009-1-20 11:31
2009-1-1 2:09,Product1,1200,Mastercard,Saraya,Dresden,Saxony,Germany,2006-3-12 11:31,2009-1-20 11:56
2009-1-20 12:34,Product1,1200,Mastercard,Anastasia,NYC                         ,NY,United States,2009-1-20 12:17,2009-1-20 12:55
2009-1-20 3:51,Product1,1200,Visa,Elizabeth,The Grange,Queensland,Australia,2008-11-12 3:34,2009-1-20 13:11
2009-1-15 11:26,Product1,1200,Visa,Nicole,Brookline                   ,MA,United States,2007-7-11 11:18,2009-1-20 14:01
2009-1-5 16:55,Product1,1200,Visa,Jeffrey,Montreal-Nord,Quebec,Canada,2003-9-29 17:08,2009-1-20 14:38
2009-1-12 19:47,Product1,1200,Mastercard,Blanca Gabriela ,Irving                      ,TX,United States,2008-12-10 21:49,2009-1-20 18:02
2009-1-4 19:20,Product1,1200,Amex,Elisa,Ottawa Hills                ,OH,United States,2009-1-4 18:38,2009-1-20 18:03
2009-1-10 8:33,Product2,3600,Mastercard,Patricia ,Portola Valley              ,CA,United States,2007-2-4 10:09,2009-1-20 22:06
2009-1-9 14:51,Product1,1200,Visa,Bob,Sydney,New South Wales,Australia,2009-1-7 18:15,2009-1-21 0:29
2009-1-16 2:41,Product3,7500,Visa,Kristyn,Kearns                      ,UT,United States,2009-1-15 18:01,2009-1-21 1:02
2009-1-16 18:36,Product1,1200,Visa,Elizabeth,Wollongong,New South Wales,Australia,2008-11-1 16:32,2009-1-21 1:49
2009-1-20 8:10,Product1,1200,Amex,Cathy,Brooklyn                    ,NY,United States,2007-8-5 18:52,2009-1-21 5:16
2009-1-6 12:45,Product2,3600,Amex,Kaylee,Penngrove                   ,CA,United States,2009-1-5 14:06,2009-1-21 11:18
2009-1-10 8:13,Product1,1200,Visa,suzanne,Lemont                      ,IL,United States,2009-1-9 19:15,2009-1-21 11:35
2009-1-7 14:15,Product1,1200,Mastercard,Cassandra,San Carlos                  ,CA,United States,2009-1-5 15:42,2009-1-21 12:00
2009-1-8 15:27,Product1,1200,Mastercard,Jennifer,Chicago                     ,IL,United States,2009-1-4 22:22,2009-1-21 13:28
2009-1-21 11:36,Product1,1200,Visa,nicole,Oslo,Oslo,Norway,2008-12-23 12:02,2009-1-21 13:47
2009-1-21 14:06,Product1,1200,Visa,Sean,Wantagh,NY,United States,2009-1-21 12:00,2009-1-21 14:06
2009-1-2 2:28,Product1,1200,Mastercard,Morgan,Coomera,Queensland,Australia,2008-5-3 4:14,2009-1-21 16:37
2009-1-19 19:07,Product1,1200,Diners,Harriet,Fort Oglethorpe             ,GA,United States,2009-1-19 16:52,2009-1-21 17:02
2009-1-18 6:27,Product1,1200,Mastercard,Janine,Corbin City                 ,NJ,United States,2005-10-27 19:22,2009-1-21 17:10
2009-1-20 11:58,Product1,1200,Mastercard,Debora,Lakeside                    ,CA,United States,2008-11-1 23:14,2009-1-21 17:25
2009-1-20 16:32,Product1,1200,Visa,Vishpala,Margate                     ,FL,United States,2008-1-2 9:52,2009-1-21 19:05
2009-1-1 7:09,Product1,1200,Amex,Emer,South Palm Beach            ,FL,United States,2005-2-28 5:40,2009-1-21 19:14
2009-1-21 14:55,Product1,1200,Diners,john,New York                    ,NY,United States,2009-1-21 10:23,2009-1-21 20:34
2009-1-7 22:29,Product1,1200,Mastercard,lailani,Anchorage                   ,AK,United States,2009-1-7 13:23,2009-1-21 22:30
2009-1-11 22:22,Product2,3600,Visa,STEPHANIE,Mona Vale,New South Wales,Australia,2008-12-30 17:48,2009-1-21 22:33
2009-1-21 14:25,Product1,1200,Visa,Tricia,Castricum,Noord-Holland,Netherlands,2007-12-28 15:28,2009-1-22 0:38
2009-1-18 16:50,Product1,1200,Visa,Celina,North Brunswick             ,NJ,United States,2009-1-18 16:25,2009-1-22 1:17
2009-1-21 12:08,Product2,3600,Visa,Rosemary,Jacksonville                ,FL,United States,2009-1-21 11:39,2009-1-22 6:13
2009-1-22 6:41,Product1,1200,Visa,Patrick,Baytown                     ,TX,United States,2009-1-22 4:32,2009-1-22 6:54
2009-1-12 9:23,Product1,1200,Mastercard,Jacob,Winter Haven                ,FL,United States,2009-1-10 14:55,2009-1-22 7:59
2009-1-22 8:23,Product1,1200,Visa,elisabeth,Gonzaga Univ                ,WA,United States,2009-1-22 7:55,2009-1-22 8:14
2009-1-3 6:41,Product2,3600,Visa,ayelet,Malmo,Skane,Sweden,2008-8-7 9:24,2009-1-22 11:24
2009-1-1 12:20,Product2,3600,Visa,seemab,San Pawl tat-Targa, ,Malta,2005-9-17 3:32,2009-1-22 12:00
2009-1-4 22:00,Product2,3600,Amex,Lucien,Wiesbaden,Hessen,Germany,2009-1-4 11:32,2009-1-22 12:21
2009-1-21 2:15,Product1,1200,Visa,Kevin ,London,England,United Kingdom,2009-1-8 2:50,2009-1-22 13:46
2009-1-1 14:22,Product1,1200,Mastercard,Liban,Stavanger,Rogaland,Norway,2008-6-19 10:48,2009-1-22 14:38
2009-1-16 1:07,Product2,3600,Diners,Lesley,Cork,Cork,Ireland,2009-1-14 4:10,2009-1-22 15:06
2009-1-20 8:51,Product1,1200,Visa,Marie,Winchester                  ,MA,United States,2008-7-23 14:59,2009-1-22 18:08
2009-1-4 9:02,Product1,1200,Visa,Charlene,Calgary,Alberta,Canada,2008-12-13 19:20,2009-1-22 19:27
2009-1-6 8:34,Product1,1200,Visa,Orit,Dallas                      ,TX,United States,2009-1-5 15:00,2009-1-22 21:41
2009-1-8 4:16,Product1,1200,Visa,Alan,Malahide,Dublin,Ireland,2006-4-18 13:26,2009-1-23 2:21
2009-1-23 3:33,Product2,3600,Mastercard,Anja Langer,Saint Paul                  ,MN,United States,2009-1-23 3:00,2009-1-23 3:00
2009-1-6 4:18,Product1,1200,Visa,Lina,Edinburgh,Scotland,United Kingdom,2009-1-6 3:38,2009-1-23 3:22
2009-1-23 3:30,Product1,1200,Amex,Larry,Naarden,Noord-Holland,Netherlands,2009-1-23 3:27,2009-1-23 3:40
2009-1-10 4:04,Product1,1200,Visa,Jessica,Oldenburg,Lower Saxony,Germany,2008-12-20 8:41,2009-1-23 5:28
2009-1-5 2:57,Product3,7500,Visa,Marion,Rennes,Brittany,France,2008-12-29 3:16,2009-1-23 7:29
2009-1-21 14:15,Product1,1200,Amex,Eric,Ely                         ,NV,United States,2009-1-21 13:56,2009-1-23 10:35
2009-1-21 6:39,Product1,1200,Amex,Miriane,Norfolk                     ,VA,United States,2007-7-30 21:10,2009-1-23 12:48
2009-1-19 8:14,Product1,1200,Visa,Jeff,Houston                     ,TX,United States,2009-1-4 12:39,2009-1-23 12:52
2009-1-23 8:00,Product1,1200,Diners,christina,Chepel,Budapest,Hungary,2009-1-22 9:55,2009-1-23 12:59
2009-1-22 23:35,Product1,1200,Mastercard,Shannon,Buffalo Grove               ,IL,United States,2009-1-22 23:23,2009-1-23 22:05
2009-1-14 3:09,Product1,1200,Mastercard,Angela,Newburgh,Scotland,United Kingdom,2007-4-25 5:08,2009-1-24 2:12
2009-1-16 1:51,Product1,1200,Visa,Angela,Vienna,Vienna,Austria,2009-1-16 1:38,2009-1-24 5:39
2009-1-1 6:29,Product1,1200,Mastercard,Elaine,Vicenza,Veneto,Italy,2007-8-3 2:48,2009-1-24 5:51
2009-1-21 7:59,Product1,1200,Visa,Helen,Mechanics Grove             ,PA,United States,2008-4-7 17:15,2009-1-24 6:01
2009-1-23 7:37,Product2,3600,Amex,Fatisha,Miami                       ,FL,United States,2009-1-23 6:32,2009-1-24 6:54
2009-1-18 14:39,Product1,1200,Visa,Nina,Silver Spring               ,MD,United States,2009-1-5 15:43,2009-1-24 7:31
2009-1-24 9:01,Product2,3600,Visa,Barbara,Kirriemuir,Scotland,United Kingdom,2009-1-24 8:02,2009-1-24 8:02
2009-1-15 1:41,Product1,1200,Diners,Karen,Roquefort,Provence-Alpes-Cote d'Azur,France,2009-1-14 4:13,2009-1-24 8:36
2009-1-17 7:23,Product1,1200,Visa,Georgina,Portland                    ,OR,United States,2007-11-28 10:05,2009-1-24 8:54
2009-1-23 11:37,Product1,1200,Diners,Kellie,Staten Island               ,NY,United States,2009-1-23 10:42,2009-1-24 8:59
2009-1-19 15:02,Product1,1200,Mastercard,Terry,San Antonio                 ,TX,United States,2009-1-19 14:43,2009-1-24 10:26
2009-1-11 7:10,Product2,3600,Visa,LAURIE,Guildford,England,United Kingdom,2006-3-7 5:47,2009-1-24 14:54
2009-1-10 3:28,Product1,1200,Visa,frauke,Horten,Vestfold,Norway,2008-11-24 15:50,2009-1-24 15:10
2009-1-7 19:03,Product2,3600,Mastercard,Cindy,Englewood                   ,CO,United States,2007-12-17 19:55,2009-1-24 19:19
2009-1-17 14:02,Product1,1200,Visa,Simone,San Antonio                 ,TX,United States,2005-12-7 19:48,2009-1-24 21:29
2009-1-25 0:09,Product1,1200,Visa,Hilde ,Princeville                 ,HI,United States,2008-6-20 22:08,2009-1-25 0:12
2009-1-9 14:27,Product1,1200,Visa,Leah,Castleknock,Dublin,Ireland,2007-6-14 13:14,2009-1-25 0:57
2009-1-9 14:32,Product1,1200,Visa,Laine,Castleknock,Dublin,Ireland,2007-6-14 13:14,2009-1-25 0:57
2009-1-11 15:59,Product1,1200,Visa,kirsten,Bishops Stortford,England,United Kingdom,2006-1-17 8:51,2009-1-25 3:03
2009-1-6 14:38,Product2,3600,Mastercard,Elizabeth,Den Haag,Zuid-Holland,Netherlands,2007-5-14 12:48,2009-1-25 3:13
2009-1-6 9:52,Product1,1200,Mastercard,Anna,Lafayette                   ,CA,United States,2009-1-3 15:01,2009-1-25 10:19
2009-1-1 9:21,Product1,1200,Diners,Babs,Blackpool,England,United Kingdom,2009-1-1 8:05,2009-1-25 10:52
2009-1-3 7:58,Product1,1200,Mastercard,Gerlinde,Hellerup,Kobenhavn,Denmark,2009-1-2 12:27,2009-1-25 11:13
2009-1-11 11:36,Product1,1200,Mastercard,Hollyn,London,England,United Kingdom,2008-10-14 14:23,2009-1-25 11:16
2009-1-13 14:53,Product1,1200,Visa,leiser,N Java                      ,NY,United States,2009-1-13 13:22,2009-1-25 11:33
2009-1-1 10:06,Product2,3600,Mastercard,Irene,Munich,Bayern,Germany,2009-1-1 9:13,2009-1-25 11:37
2009-1-16 5:07,Product1,1200,Amex,Lisa,Brulon,Pays de la Loire,France,2007-8-6 7:48,2009-1-25 11:42
2009-1-6 16:37,Product1,1200,Visa,Ann,Austin                      ,TX,United States,2008-12-28 12:31,2009-1-25 12:17
2009-1-18 17:21,Product1,1200,Mastercard,Nichol Jane,Midland Park                ,NJ,United States,2009-1-11 20:59,2009-1-25 14:00
2009-1-13 15:18,Product1,1200,Amex,Beatriz,Centerport                  ,NY,United States,2009-1-13 14:46,2009-1-25 14:01
2009-1-24 8:21,Product1,1200,Mastercard,corina,Neustift am Walde,Vienna,Austria,2005-7-19 12:42,2009-1-25 14:22
2009-1-24 8:25,Product1,1200,Mastercard,manon,Neustift am Walde,Vienna,Austria,2005-7-19 12:42,2009-1-25 14:22
2009-1-18 13:06,Product1,1200,Diners,Isabelle,Shorewood                   ,MN,United States,2009-1-18 8:44,2009-1-25 14:49
2009-1-22 18:44,Product1,1200,Visa,Lynne,Southlake                   ,TX,United States,2009-1-22 17:24,2009-1-25 15:02
2009-1-8 8:58,Product1,1200,Mastercard,Doug,Huntington                  ,NY,United States,2009-1-8 8:22,2009-1-25 17:39
2009-1-4 9:54,Product1,1200,Mastercard,AMY,The Woodlands               ,TX,United States,2008-12-30 20:41,2009-1-25 18:23
2009-1-13 20:22,Product1,1200,Visa,Kim,Kelowna,British Columbia,Canada,2008-8-2 14:28,2009-1-25 19:25
2009-1-9 10:22,Product1,1200,Mastercard,HELIDA,White House                 ,TN,United States,2009-1-5 14:49,2009-1-25 19:35
2009-1-5 12:28,Product1,1200,Visa,Cameron,Rungsted,Frederiksborg,Denmark,2009-1-5 12:02,2009-1-25 23:22
2009-1-26 3:43,Product1,1200,Mastercard,Wendy,Lake Mahopac                ,NY,United States,2009-1-26 3:10,2009-1-26 3:10
2009-1-26 3:49,Product2,3600,Mastercard,Jane,Biot,Provence-Alpes-Cote d'Azur,France,2008-3-1 0:00,2009-1-26 3:18
2009-1-11 13:16,Product2,3600,Visa,shelby,Plantation                  ,FL,United States,2009-1-11 12:20,2009-1-26 3:42
2009-1-22 15:32,Product1,1200,Mastercard,Tara,Killiney,Dublin,Ireland,2007-2-27 11:35,2009-1-26 4:32
2009-1-9 14:25,Product1,1200,Amex,James,Guer,Brittany,France,2008-4-7 0:00,2009-1-26 5:32
2009-1-21 11:28,Product1,800,Amex,Heloise ,Arlington                   ,VA,United States,2005-9-25 20:26,2009-1-26 6:23
2009-1-1 14:19,Product1,1200,Mastercard,Gabriel,Three Hills,Alberta,Canada,2008-5-21 11:39,2009-1-26 7:17
2009-1-26 4:30,Product1,1200,Visa,Jodie ,Great Falls,Virginia,United States,2009-1-26 0:00,2009-1-26 7:48
2009-1-7 4:45,Product1,1200,Amex,Jeremy,London,England,United Kingdom,2009-1-7 4:30,2009-1-26 8:01
2009-1-11 12:12,Product1,1200,Visa,Helga,Clontarf,Dublin,Ireland,2005-11-30 12:50,2009-1-26 10:00
2009-1-26 10:24,Product1,1200,Visa,Eleanor,Vancouver,British Columbia,Canada,2008-12-1 18:30,2009-1-26 10:12
2009-1-26 8:58,Product1,1200,Diners,Miss,London,England,United Kingdom,2009-1-26 8:46,2009-1-26 11:14
2009-1-7 17:51,Product1,1200,Visa,Marie,Dickerson                   ,MD,United States,2006-1-13 9:38,2009-1-26 11:35
2009-1-18 20:16,Product1,1200,Mastercard,Lisa,Princeton                   ,NJ,United States,2009-1-18 19:47,2009-1-26 13:07
2009-1-13 9:51,Product1,1200,Mastercard,Priska,Calgary,Alberta,Canada,2009-1-4 23:43,2009-1-26 17:24
2009-1-24 18:43,Product1,1200,Visa,Katrine,North Tustin                ,CA,United States,2009-1-11 13:33,2009-1-26 21:29
2009-1-5 0:46,Product1,1200,Amex,Lisa,Gurgaon,Haryana,India,2009-1-2 3:03,2009-1-27 0:17
2009-1-9 1:12,Product1,1200,Visa,Sabrina,Rambouillet,Ile-de-France,France,2008-6-18 6:35,2009-1-27 2:56
2009-1-26 6:25,Product1,1200,Visa,prof,Gladwyne                    ,PA,United States,2009-1-19 6:38,2009-1-27 3:58
2009-1-21 16:57,Product1,1200,Mastercard,KeithMichelle,Houston                     ,TX,United States,2009-1-21 16:37,2009-1-27 4:43
2009-1-5 5:33,Product1,1200,Mastercard,Kim,London,England,United Kingdom,2005-12-8 13:22,2009-1-27 4:49
2009-1-27 5:10,Product1,1200,Visa,anissa,Slough,England,United Kingdom,2009-1-15 10:07,2009-1-27 4:51
2009-1-7 8:00,Product1,1200,Mastercard,john,Glan-Munchweiler,Rhineland-Palatinate,Germany,2005-5-26 7:00,2009-1-27 6:30
2009-1-20 7:08,Product2,3600,Visa,Miye,Downingtown                 ,PA,United States,2009-1-19 8:06,2009-1-27 6:38
2009-1-27 2:26,Product1,1200,Diners,Heidi,MT Pleasant                 ,TX,United States,2009-1-27 2:16,2009-1-27 6:41
2009-1-5 6:14,Product1,1200,Mastercard,T,Veigy-Foncenex,Rhone-Alpes,France,2009-1-5 4:52,2009-1-27 7:01
2009-1-13 8:11,Product2,3600,Visa,Daniele,Katy                        ,TX,United States,2008-5-27 11:01,2009-1-27 7:49
2009-1-10 9:18,Product1,1200,Diners,luisa,Gorey, ,Jersey,2006-5-9 10:43,2009-1-27 7:51
2009-1-8 18:52,Product1,1200,Visa,Nadine,Belgrade                    ,MT,United States,2009-1-7 15:30,2009-1-27 9:40
2009-1-12 10:06,Product1,1200,Mastercard,Tina,Calgary,Alberta,Canada,2009-1-10 14:15,2009-1-27 14:26
2009-1-1 19:25,Product1,1200,Diners,Damali,Toronto,Ontario,Canada,2008-1-8 20:41,2009-1-27 14:59
2009-1-27 15:28,Product1,1200,Visa,Katherine,Corrales                    ,NM,United States,2009-1-17 17:52,2009-1-27 15:17
2009-1-2 18:43,Product1,1200,Visa,Kathryn,Cork,Cork,Ireland,2008-12-22 15:39,2009-1-27 15:43
2009-1-8 18:41,Product1,1200,Diners,Veronique,Tenafly                     ,NJ,United States,2007-12-9 17:59,2009-1-27 18:12
2009-1-4 18:34,Product1,1200,Visa,Erica,Leesburg                    ,VA,United States,2009-1-4 16:53,2009-1-27 18:37
2009-1-25 8:32,Product1,1200,Visa,L,Alcona,Ontario,Canada,2007-9-17 17:41,2009-1-27 19:53
2009-1-23 22:19,Product1,1200,Mastercard,Diana,Kuala Lumpur,Kuala Lumpur,Malaysia,2009-1-23 22:10,2009-1-27 19:54
2009-1-7 10:03,Product1,1200,Mastercard,Emma,Sydney,New South Wales,Australia,2008-12-1 6:09,2009-1-27 20:18
2009-1-18 3:46,Product1,1200,Visa,Marina,Nerang,Queensland,Australia,2009-1-18 0:54,2009-1-27 23:52
2009-1-28 0:40,Product1,1200,Mastercard,Natalie ,Bryceville                  ,FL,United States,2009-1-27 22:04,2009-1-28 0:01
2009-1-2 15:18,Product1,1200,Diners,Brenda,Saffron Walden,England,United Kingdom,2004-9-1 2:08,2009-1-28 1:26
2009-1-18 13:59,Product1,1200,Diners,Nita,Sutton,Dublin,Ireland,2005-12-1 19:57,2009-1-28 4:07
2009-1-16 9:54,Product1,1200,Mastercard,Marian,Durban,KwaZulu-Natal,South Africa,2008-8-3 18:20,2009-1-28 6:26
2009-1-28 7:07,Product1,1200,Visa,Kevin,Berkeswell,England,United Kingdom,2009-1-28 6:57,2009-1-28 7:18
2009-1-28 7:31,Product1,1200,Visa,cari,Dryden                      ,VA,United States,2009-1-28 7:22,2009-1-28 7:34
2009-1-18 12:32,Product1,1200,Visa,Cassandra,Santry,Dublin,Ireland,2008-12-14 14:26,2009-1-28 7:41
2009-1-13 14:05,Product1,1200,Amex,Christof and Heidi,Barcelona,Catalonia,Spain,2009-1-9 7:54,2009-1-28 7:45
2009-1-28 7:49,Product1,1200,Visa,Ina,Fayetteville                ,NC,United States,2009-1-28 7:45,2009-1-28 7:47
2009-1-28 3:07,Product1,1200,Visa,Lisa,Anse Comeau,Quebec,Canada,2009-1-26 11:47,2009-1-28 8:08
2009-1-12 15:16,Product1,1200,Visa,Camille and Carmen,Thorlakshofn, ,Iceland,2009-1-12 11:41,2009-1-28 8:44
2009-1-6 11:17,Product2,3600,Visa,Trina,Overland                    ,KS,United States,2008-2-21 8:53,2009-1-28 9:23
2009-1-23 9:49,Product1,1200,Visa,Ginger,King City,Ontario,Canada,2009-1-23 8:18,2009-1-28 9:43
2009-1-24 4:01,Product1,1200,Visa,breon,Leighton Buzzard,England,United Kingdom,2006-1-7 10:56,2009-1-28 10:12
2009-1-25 18:21,Product1,1200,Visa,Marion,Umea,Vasterbotten,Sweden,2009-1-25 16:35,2009-1-28 10:19
2009-1-15 10:51,Product1,1200,Mastercard,Pia ,Sola,Rogaland,Norway,2009-1-11 8:54,2009-1-28 10:39
2009-1-2 5:14,Product1,1200,Visa,Dr. Donald,Stockton-on-Tees,England,United Kingdom,2005-1-1 6:03,2009-1-28 11:07
2009-1-9 10:35,Product2,3600,Visa,Jenna and Paul,Senatobia                   ,MS,United States,2009-1-8 14:02,2009-1-28 11:08
2009-1-4 10:16,Product1,1200,Mastercard,Rebecca,Berlin,Berlin,Germany,2008-12-28 10:50,2009-1-28 11:09
2009-1-2 12:16,Product1,1200,Mastercard,Monique,Waldorf                     ,MD,United States,2008-12-11 6:16,2009-1-28 12:07
2009-1-28 12:31,Product1,1200,Diners,lilia ,Brooklyn                    ,NY,United States,2009-1-28 12:21,2009-1-28 12:30
2009-1-14 12:07,Product1,1200,Mastercard,Lainey,Lakeville                   ,MN,United States,2009-1-13 22:28,2009-1-28 12:37
2009-1-16 7:20,Product2,3600,Mastercard,Jag,Saint-Cergues,Rhone-Alpes,France,2009-1-15 4:53,2009-1-28 12:43
2009-1-6 9:55,Product1,1200,Mastercard,Charlene ,Vancouver,British Columbia,Canada,2008-10-7 14:55,2009-1-28 13:17
2009-1-7 12:55,Product1,1200,Amex,Fiona,Stamford                    ,CT,United States,2009-1-5 6:26,2009-1-28 13:24
2009-1-19 12:14,Product1,1200,Mastercard,burt,Rathfarnham,Dublin,Ireland,2008-5-10 7:07,2009-1-28 13:28
2009-1-13 15:19,Product2,3600,Visa,Maggie,Paris,Ile-de-France,France,2007-6-27 4:41,2009-1-28 14:11
2009-1-18 8:56,Product1,1200,Mastercard,Stanford,Howell                      ,MI,United States,2008-1-30 13:16,2009-1-28 14:37
2009-1-4 17:54,Product1,1200,Amex,ruth,Encinitas                   ,CA,United States,2009-1-1 10:12,2009-1-28 15:13
2009-1-5 13:46,Product1,1200,Visa,Courtney,Atchison                    ,KS,United States,2008-11-11 14:19,2009-1-28 17:10
2009-1-5 10:49,Product2,3600,Amex,Courtney,Mililani                    ,HI,United States,2007-8-23 0:00,2009-1-28 18:13
2009-1-12 18:24,Product1,1200,Diners,Anthony,Victor                      ,NY,United States,2008-12-18 7:14,2009-1-28 18:19
2009-1-18 4:01,Product1,1200,Visa,Eleanor,Fairbanks                   ,AK,United States,2009-1-6 0:18,2009-1-28 23:56
2009-1-16 10:58,Product1,1200,Visa,GAIA,Soro,Vestsjalland,Denmark,2007-7-27 7:22,2009-1-29 3:16
2009-1-13 8:20,Product1,1200,Mastercard,Zane,Warlingham,England,United Kingdom,2005-3-4 5:51,2009-1-29 3:25
2009-1-12 1:42,Product1,1200,Mastercard,Beate,Hamburg,Hamburg,Germany,2009-1-7 7:56,2009-1-29 4:33
2009-1-28 13:07,Product1,1200,Amex,BALA,Accokeek                    ,MD,United States,2007-11-29 5:56,2009-1-29 4:40
2009-1-29 5:43,Product1,1200,Visa,Mrs,Sunnyvale                   ,CA,United States,2009-1-29 5:18,2009-1-29 5:18
2009-1-29 5:30,Product1,1200,Diners,Vanessa,Ithaca                      ,NY,United States,2009-1-29 4:49,2009-1-29 6:56
2009-1-13 18:08,Product1,1200,Amex,Amanda,Houston                     ,TX,United States,2009-1-13 17:02,2009-1-29 7:34
2009-1-9 15:24,Product1,1200,Mastercard,alex ,Farmingtn Hls               ,MI,United States,2009-1-9 13:59,2009-1-29 8:05
2009-1-23 15:33,Product1,1200,Mastercard,T,Brooklyn                    ,NY,United States,2009-1-23 14:18,2009-1-29 11:02
2009-1-29 12:28,Product1,1200,Mastercard,Alva and Martin,Great Falls                 ,VA,United States,2007-5-21 14:57,2009-1-29 12:31
2009-1-13 11:31,Product1,1200,Visa,Anett,Gosport,England,United Kingdom,2009-1-9 11:30,2009-1-29 12:48
2009-1-29 10:09,Product2,3600,Mastercard,Jacqui,Scottsdale                  ,AZ,United States,2009-1-29 9:59,2009-1-29 12:58
2009-1-29 15:08,Product1,1200,Visa,KERRY,Sunnyvale                   ,CA,United States,2009-1-29 14:04,2009-1-29 14:04
2009-1-4 5:12,Product1,1200,Visa,DeeDee,Songnae-dong,Soul-t'ukpyolsi,South Korea,2008-12-30 8:40,2009-1-29 16:41
2009-1-22 22:16,Product2,3600,Mastercard,leanne,Clyde Hill                  ,WA,United States,2009-1-17 23:28,2009-1-29 16:51
2009-1-5 19:26,Product1,1200,Visa,katie,Ruschlikon,Zurich,Switzerland,2009-1-5 19:14,2009-1-30 1:06
2009-1-11 12:22,Product1,1200,Visa,Marina,Minneapolis                 ,MN,United States,2009-1-11 7:18,2009-1-30 2:10
2009-1-2 9:31,Product1,1200,Visa,camilla,Chicago                     ,IL,United States,2009-1-2 9:09,2009-1-30 5:35
2009-1-5 11:21,Product1,1200,Visa,pirunkit,Petworth,England,United Kingdom,2009-1-5 5:46,2009-1-30 5:54
2009-1-17 9:49,Product1,1200,Diners,Kathrin,Abu Dhabi,Abu Zaby,United Arab Emirates,2008-2-27 20:02,2009-1-30 8:45
2009-1-28 1:38,Product1,1200,Mastercard,Kate,Stockholm,Stockholm,Sweden,2007-4-16 12:58,2009-1-30 9:18
2009-1-19 10:32,Product1,1200,Mastercard,Maie,Queen Creek                 ,AZ,United States,2009-1-6 17:57,2009-1-30 10:41
2009-1-26 12:05,Product1,1250,Mastercard,verena,Queen Creek                 ,AZ,United States,2009-1-6 17:57,2009-1-30 10:41
2009-1-7 18:53,Product1,1200,Visa,Marie-Christine,Durham                      ,NC,United States,2008-12-29 9:59,2009-1-30 10:46
2009-1-26 11:38,Product1,1200,Mastercard,Gabriella,Austin                      ,TX,United States,2009-1-26 7:16,2009-1-30 13:15
2009-1-8 13:19,Product1,1200,Mastercard,valerie et nicolas,Glenn Dale                  ,MD,United States,2009-1-8 5:31,2009-1-30 17:40
2009-1-11 14:56,Product1,1200,Visa,Nicole,Aardal,Sogn og Fjordane,Norway,2009-1-5 5:51,2009-1-31 4:21
2009-1-30 20:36,Product1,1200,Visa,Renee,Edinburg                    ,TX,United States,2009-1-30 20:05,2009-1-31 4:47
2009-1-1 8:09,Product1,1200,Mastercard,Nicole,South Melbourne,Victoria,Australia,2008-12-30 0:55,2009-1-31 5:40
2009-1-17 11:09,Product1,1200,Mastercard,Joachim,Fortaleza,Ceara,Brazil,2009-1-17 10:46,2009-1-31 6:42
2009-1-31 7:22,Product1,1200,Visa,Monica ,Weston                      ,CT,United States,2008-2-29 17:34,2009-1-31 6:43
2009-1-31 9:12,Product1,1200,Visa,Nanci,Reading,England,United Kingdom,2008-8-28 10:22,2009-1-31 9:08
2009-1-31 8:56,Product1,1200,Mastercard,Laura,Coconut Grove               ,FL,United States,2009-1-31 8:03,2009-1-31 9:22
2009-1-31 9:00,Product1,1200,Visa,ciara and mike,London,England,United Kingdom,2009-1-31 8:32,2009-1-31 10:07
2009-1-11 14:07,Product1,1200,Visa,Sarah,San Francisco               ,CA,United States,2009-1-11 13:08,2009-1-31 10:20
2009-1-1 12:25,Product2,3600,Mastercard,Anne-line,Zug,Zug,Switzerland,2005-3-29 23:14,2009-1-31 10:58
2009-1-31 11:14,Product2,3600,Mastercard,Ulrika,Scottsdale                  ,AZ,United States,2009-1-31 11:10,2009-1-31 11:10
2009-1-2 9:57,Product1,1200,Amex,leigh,Potomac Falls               ,VA,United States,2005-2-20 17:20,2009-1-31 11:24
2009-1-4 13:20,Product1,1200,Mastercard,Nuria,Superior                    ,CO,United States,2009-1-4 12:08,2009-1-31 13:17
2009-1-22 12:32,Product1,1200,Mastercard,Tejal,London,England,United Kingdom,2008-1-2 9:51,2009-1-31 14:43
2009-1-18 6:09,Product1,1200,Mastercard,Ignacio,Engleside                   ,VA,United States,2007-5-21 18:56,2009-1-31 15:33
2009-1-8 0:04,Product1,1200,Visa,ZOE,New Plymouth City,Taranaki,New Zealand,2009-1-7 23:34,2009-1-31 17:47
2009-1-24 7:14,Product1,1200,Mastercard,nihan,Roanoke                     ,VA,United States,2008-3-2 7:35,2009-1-31 19:18
2009-1-24 11:05,Product1,1200,Visa,alan,Norcross                    ,GA,United States,2007-7-30 15:16,2009-1-31 19:31
2009-1-6 15:12,Product1,1200,Amex,lydia,Sandy Plains                ,GA,United States,2006-9-23 8:42,2009-1-31 20:48
2009-1-24 17:06,Product1,1200,Visa,Tracey,Saint Catharines,Ontario,Canada,2009-1-24 15:51,2009-1-31 21:10
2009-1-3 9:58,Product1,1200,Visa,Anja,Gainesville                 ,VA,United States,2008-10-19 8:27,2009-1-31 22:19
2009-1-9 16:35,Product1,1200,Diners,Jennifer,Nordstrand,Oslo,Norway,2005-12-29 9:26,2009-2-1 4:18
2009-1-12 14:50,Product1,1200,Visa,Holly,Arlington                   ,MA,United States,2009-1-12 9:54,2009-2-1 7:36
2009-1-7 13:49,Product1,1200,Diners,megan,West Hills                  ,CA,United States,2009-1-7 12:36,2009-2-1 8:20
2009-1-9 19:41,Product1,1200,Mastercard,Tarah,San Jose                    ,CA,United States,2009-1-5 18:02,2009-2-1 9:18
2009-1-26 4:53,Product1,1200,Visa,Gerardo,London,England,United Kingdom,2009-1-26 4:12,2009-2-1 9:48
2009-1-23 21:41,Product1,1200,Visa,Joanne,Oak Park                    ,MI,United States,2008-12-26 11:00,2009-2-1 9:51
2009-1-6 16:07,Product1,1200,Visa,Margaret,Terrell Hills               ,TX,United States,2008-12-21 12:21,2009-2-1 10:06
2009-1-10 7:55,Product1,1200,Visa,Laura,Jumeira,Dubayy,United Arab Emirates,2009-1-7 9:47,2009-2-1 10:18
2009-1-28 20:44,Product1,1200,Visa,Whitney,Falmouth                    ,VA,United States,2009-1-28 19:36,2009-2-1 11:33
2009-1-9 3:38,Product1,1200,Visa,Ravinder,Lurgan,Northern Ireland,United Kingdom,2008-6-3 4:22,2009-2-1 11:53
2009-1-19 8:52,Product1,1200,Visa,Pam,Richmond                    ,TX,United States,2009-1-6 15:24,2009-2-1 11:53
2009-1-15 7:26,Product1,1200,Mastercard,Celina,Den Haag,Zuid-Holland,Netherlands,2009-1-14 0:00,2009-2-1 13:17
2009-1-30 19:12,Product1,1200,Diners,Heather,Ooltewah                    ,TN,United States,2009-1-30 18:54,2009-2-1 13:51
2009-1-5 12:41,Product1,1200,Mastercard,Kathryn,Pacific Beach               ,CA,United States,2009-1-5 11:50,2009-2-1 14:28
2009-1-28 20:59,Product1,1200,Visa,Michele ,Austin                      ,TX,United States,2009-1-28 9:40,2009-2-1 15:00
2009-1-10 21:36,Product1,1200,Visa,Craig,Seattle                     ,WA,United States,2008-8-10 16:47,2009-2-1 15:27
2009-1-25 19:59,Product1,1200,Visa,Kim,Seattle                     ,WA,United States,2008-8-13 18:27,2009-2-1 16:04
2009-1-7 8:03,Product1,1200,Amex,maria,Ottawa,Ontario,Canada,2005-4-17 22:28,2009-2-1 18:52
2009-1-21 9:07,Product1,1200,Visa,Elaine,Vienna                      ,VA,United States,2008-4-2 9:59,2009-2-1 21:07
2009-1-23 14:43,Product1,1200,Visa,Madison,Torbay,Auckland,New Zealand,2009-1-18 11:34,2009-2-1 21:31
2009-1-5 13:07,Product1,1200,Visa,Amanda,Shenfield,England,United Kingdom,2009-1-2 14:27,2009-2-1 22:27
2009-1-6 3:39,Product1,1200,Visa,Krista,Bergen,Hordaland,Norway,2005-9-20 1:58,2009-2-2 0:08
2009-1-15 15:26,Product1,1200,Visa,Sarah,Bolton,England,United Kingdom,2009-1-15 8:16,2009-2-2 0:53
2009-1-23 4:47,Product1,1200,Mastercard,Sarah,Sandymount,Dublin,Ireland,2006-1-16 8:48,2009-2-2 2:12
2009-1-12 10:05,Product2,3600,Amex,Pamela,Bellinzona,Ticino,Switzerland,2007-9-3 13:23,2009-2-2 5:16
2009-1-30 5:13,Product1,1200,Visa,Christine,Antwerpen,Antwerpen,Belgium,2006-1-3 13:57,2009-2-2 5:45
2009-1-14 10:32,Product3,7500,Mastercard,Diana,Campinas,Sao Paulo,Brazil,2008-11-5 7:03,2009-2-2 5:54
2009-1-12 8:13,Product1,1200,Amex,mary,Nacka,Stockholm,Sweden,2006-3-8 4:32,2009-2-2 6:01
2009-1-27 8:11,Product1,1200,Visa,Helena,Fremont                     ,CA,United States,2009-1-27 8:05,2009-2-2 6:08
2009-1-30 17:33,Product1,1200,Visa,nina,Warwick,Queensland,Australia,2009-1-25 22:36,2009-2-2 6:13
2009-1-15 9:52,Product1,1200,Amex,Mark,Holmdel                     ,NJ,United States,2009-1-15 8:36,2009-2-2 7:00
2009-1-13 11:54,Product1,1200,Visa,alice and rudolf,Baltimore                   ,MD,United States,2009-1-8 11:11,2009-2-2 8:01
2009-1-21 11:00,Product1,1200,Visa,Costanza,Saggart,Dublin,Ireland,2009-1-19 10:11,2009-2-2 8:29
2009-1-16 11:49,Product1,1200,Mastercard,Yoko,Andover                     ,MA,United States,2008-2-18 18:56,2009-2-2 8:53
2009-1-1 9:35,Product1,1200,Mastercard,Barbara,La Crescenta                ,CA,United States,2008-12-31 17:51,2009-2-2 10:27
2009-1-13 5:58,Product1,1200,Mastercard,Kit,Suwanee                     ,GA,United States,2009-1-5 21:12,2009-2-2 13:13
2009-1-6 16:08,Product2,3600,Visa,cristina,Seattle                     ,WA,United States,2005-3-14 16:39,2009-2-2 14:17
2009-1-5 10:25,Product1,1200,Amex,linda,Arlington                   ,VA,United States,2008-10-11 3:50,2009-2-2 16:13
2009-1-4 21:08,Product1,1200,Mastercard,Christyna,Calgary,Alberta,Canada,2008-1-21 20:11,2009-2-2 18:50
2009-1-12 20:43,Product1,1200,Visa,Alicja ,Kenmore                     ,WA,United States,2009-1-12 20:31,2009-2-2 20:26
2009-1-17 3:22,Product1,1200,Visa,Rachel,Fresno                      ,CA,United States,2008-2-1 12:45,2009-2-2 20:35
2009-1-18 11:17,Product1,1200,Amex,Rachel,Atascadero                  ,CA,United States,2008-3-11 13:35,2009-2-2 22:49
2009-1-27 9:01,Product1,1200,Visa,Jan,Barcelona,Catalonia,Spain,2008-5-29 12:23,2009-2-3 0:59
2009-1-8 8:11,Product1,1200,Diners,Karin,High Wycombe,England,United Kingdom,2009-1-8 7:00,2009-2-3 1:54
2009-1-26 23:28,Product2,3600,Amex,ron ,Tsaritsyno,Moscow City,Russia,2006-12-7 8:26,2009-2-3 2:10
2009-1-10 21:35,Product1,1200,Mastercard,Sharon,Ajax,Ontario,Canada,2008-8-7 6:17,2009-2-3 3:42
2009-1-11 6:01,Product1,1200,Mastercard,Anna,New York                    ,NY,United States,2009-1-1 10:24,2009-2-3 4:25
2009-1-19 14:53,Product1,1200,Mastercard,Laura,Fairfield                   ,IA,United States,2008-12-12 5:18,2009-2-3 5:40
2009-1-22 7:14,Product1,1200,Visa,Yana,North Bay,Ontario,Canada,2006-10-11 19:22,2009-2-3 6:36
2009-1-15 8:12,Product1,1200,Visa,Katherine,Marietta                    ,GA,United States,2009-1-13 10:03,2009-2-3 7:44
2009-1-7 6:33,Product1,1200,Diners,Therese,Clontarf,Dublin,Ireland,2008-6-15 8:08,2009-2-3 7:51
2009-1-12 8:05,Product1,1200,Amex,Francoise ,Danville                    ,PA,United States,2009-1-12 6:44,2009-2-3 8:01
2009-1-28 13:03,Product2,3600,Amex,Elizabeth,Okotoks,Alberta,Canada,2008-9-10 6:53,2009-2-3 9:13
2009-1-25 8:54,Product1,1200,Amex,Corinne,Anthem                      ,AZ,United States,2006-3-26 17:32,2009-2-3 9:50
2009-1-5 10:08,Product1,1200,Visa,Ec,Clonmel,Tipperary,Ireland,2009-1-5 7:47,2009-2-3 10:21
2009-1-5 19:29,Product1,1200,Visa,Carmen,Arlington                   ,VA,United States,2008-4-29 16:09,2009-2-3 10:23
2009-1-7 19:06,Product2,3600,Amex,Brittany,Orlando                     ,FL,United States,2004-8-10 3:30,2009-2-3 11:32
2009-1-23 11:33,Product1,1200,Mastercard,Sandrine,Walnut Creek                ,CA,United States,2009-1-22 23:31,2009-2-3 11:49
2009-1-3 21:11,Product1,1200,Mastercard,asuncion ,Centennial                  ,CO,United States,2008-12-3 13:00,2009-2-3 11:50
2009-1-11 17:28,Product1,1200,Visa,Sophie,Newtown                     ,CT,United States,2009-1-11 11:50,2009-2-3 12:21
2009-1-21 20:18,Product1,1200,Amex,Henrietta,Vancouver,British Columbia,Canada,2007-7-6 23:53,2009-2-3 12:22
2009-1-24 10:23,Product1,1200,Visa,DD,York,England,United Kingdom,2008-8-19 12:58,2009-2-3 12:57
2009-1-7 14:55,Product1,1200,Visa,Jennifer,Drogheda,Louth,Ireland,2006-9-21 2:39,2009-2-3 13:36
2009-1-29 10:38,Product1,1200,Visa,samuel,Saddle Brook                ,NJ,United States,2009-1-29 9:08,2009-2-3 14:39
2009-1-8 14:04,Product1,1200,Amex,Angelina  Patrick,San Diego                   ,CA,United States,2009-1-7 17:01,2009-2-3 14:57
2009-1-31 21:50,Product1,1200,Visa,Sven,Issaquah                    ,WA,United States,2009-1-31 21:01,2009-2-3 16:30
2009-1-1 16:00,Product1,1200,Visa,Toni,Bolton,England,United Kingdom,2008-10-7 15:19,2009-2-3 16:45
2009-1-30 13:13,Product1,1200,Visa,Patrick,Lexington                   ,MA,United States,2009-1-30 12:44,2009-2-3 17:14
2009-1-27 16:50,Product1,1200,Visa,jason,Altadena                    ,CA,United States,2008-12-28 14:42,2009-2-3 18:09
2009-1-30 7:42,Product1,250,Visa,Tabatha,Altadena                    ,CA,United States,2008-12-28 14:42,2009-2-3 18:09
2009-1-17 15:48,Product2,3600,Visa,Aline,Davis                       ,CA,United States,2005-1-8 14:03,2009-2-3 19:14
2009-1-12 11:40,Product2,3600,Visa,Debra,Toronto,Ontario,Canada,2008-12-30 6:59,2009-2-3 19:42
2009-1-30 20:27,Product1,1200,Mastercard,Natasha,Pasadena                    ,CA,United States,2009-1-30 20:02,2009-2-3 23:39
2009-1-27 18:35,Product1,1200,Mastercard,Melinda,Buffalo Grove               ,IL,United States,2009-1-27 18:28,2009-2-3 23:42
2009-1-16 12:47,Product1,1200,Visa,Luc1nda,London,England,United Kingdom,2004-12-12 15:18,2009-2-4 2:13
2009-1-2 2:50,Product1,1200,Visa,Kim,Newcastle,Wicklow,Ireland,2005-10-12 6:56,2009-2-4 2:19
2009-1-21 5:39,Product1,1200,Amex,Britlyn ,Norwalk                     ,CT,United States,2008-11-4 9:51,2009-2-4 4:31
2009-1-28 1:28,Product1,1200,Diners,Adam,Besancon,Franche-Comte,France,2009-1-26 2:28,2009-2-4 5:39
2009-1-8 13:33,Product1,1200,Visa,Mimi,Monte-Carlo, ,Monaco,2006-9-23 13:19,2009-2-4 6:16
2009-1-22 12:09,Product1,1200,Visa,Liann,Monaco, ,Monaco,2009-1-22 11:32,2009-2-4 6:28
2009-1-20 8:23,Product1,1200,Mastercard,Sarah,Floyds Knobs                ,IN,United States,2005-10-12 17:17,2009-2-4 8:16
2009-1-2 7:47,Product1,1200,Diners,Naseer,London,England,United Kingdom,2008-12-8 6:45,2009-2-4 8:50
2009-1-11 4:55,Product1,1200,Amex,Caroline,Marietta                    ,GA,United States,2006-4-12 18:20,2009-2-4 9:22
2009-1-23 7:47,Product1,1800,Amex,Karena,Marietta                    ,GA,United States,2006-4-12 18:20,2009-2-4 9:22
2009-1-21 23:19,Product1,1200,Amex,janet,Hon                         ,HI,United States,2008-9-4 16:51,2009-2-4 11:11
2009-1-11 4:29,Product3,7500,Visa,Hans,Knoxville                   ,TN,United States,2008-8-28 6:20,2009-2-4 12:17
2009-1-11 4:39,Product1,1200,Visa,Sandra  Thierry  Zoe,Knoxville                   ,TN,United States,2008-8-28 6:20,2009-2-4 12:17
2009-1-10 8:13,Product1,1200,Mastercard,Eleanor,Edinburgh,Scotland,United Kingdom,2008-7-31 22:34,2009-2-4 13:08
2009-1-22 12:55,Product1,1200,Visa,Anna,Paris,Ile-de-France,France,2007-8-17 4:34,2009-2-4 13:12
2009-1-17 15:00,Product1,1200,Visa,Cara ,Humble                      ,TX,United States,2007-3-12 14:55,2009-2-4 13:29
2009-1-4 14:06,Product1,1200,Visa,carolien,Mashpee                     ,MA,United States,2009-1-4 12:21,2009-2-4 13:45
